Type,pro-reg,protein,regionStart,regionEnd,avg_fuzzy_ox_k,avg_fuzzy_ox_p,avg_fuzzy_ox_m,avg_fuzzy_d,avg_fuzzy_gal,avg_fuzzy_gluc,avg_jumbo_ox_k,avg_jumbo_ox_p,avg_jumbo_ox_m,avg_jumbo_d,avg_jumbo_gal,avg_jumbo_gluc,fuzzy_ox_k,fuzzy_ox_p,fuzzy_ox_m,fuzzy_d,fuzzy_gal,fuzzy_gluc,jumbo_ox_k,jumbo_ox_p,jumbo_ox_m,jumbo_d,jumbo_gal,jumbo_gluc,ox_k_MWU_sig,ox_k_MWU_sig_p,ox_p_MWU_sig,ox_p_MWU_sig_p,ox_m_MWU_sig,ox_m_MWU_sig_p,d_nq_MWU_sig,d_nq_MWU_sig_p,gala_k_MWU_sig,gluc_k_MWU_sig_p,ox_k_WC_sig,ox_k_WC_sig_p,ox_p_WC_sig,ox_p_WC_sig_p,ox_m_WC_sig,ox_m_WC_sig_p,d_nq_WC_sig,d_nq_WC_sig_p,gala_k_WC_sig,gala_k_WC_sig_p,glu_k_WC_sig,glu_k_WC_sig_p
sig,CO1A1200-250,CO1A1,200,250,0,12,0,0,0,0,0,23,0,0,0,0,"[0, 1, 0]","[15, 9, 12]","[0, 0, 0]","[0, 0, 0]","[0, 0, 0]","[0, 0, 0]","[1, 0, 0]","[23, 20, 25]","[0, 0, 0]","[0, 0, 0]","[0, 0, 0]","[0, 0, 0]",4.5,1.0,0.0,0.1,4.5,0.1,4.5,1.0,4.5,1.0,0.0,1.0,-1.9639610121239315,0.049534613435626706,0.0,1.0,0.0,1.0,0.0,1.0,0.0,1.0
surr,CO1A1150-300 +-50,CO1A1,150,300,10,47,26,4,0,0,18,74,36,7,0,0,"[11, 14, 6]","[47, 45, 48]","[24, 29, 24]","[4, 6, 2]","[0, 0, 0]","[0, 0, 0]","[15, 20, 20]","[68, 78, 77]","[24, 43, 42]","[3, 12, 7]","[0, 0, 0]","[0, 0, 0]",0.0,0.07652250047505922,0.0,0.1,2.0,0.1,2.0,0.4,4.5,1.0,-1.9639610121239315,0.049534613435626706,-1.9639610121239315,0.049534613435626706,-1.091089451179962,0.27523352407483426,-1.091089451179962,0.27523352407483426,0.0,1.0,0.0,1.0
sig,CO1A1950-1000,CO1A1,950,1000,1,27,0,1,0,0,2,25,0,2,0,0,"[1, 1, 2]","[27, 25, 29]","[0, 0, 0]","[1, 2, 1]","[0, 0, 0]","[0, 0, 0]","[1, 1, 4]","[24, 21, 30]","[0, 0, 0]","[2, 2, 3]","[0, 0, 0]","[0, 0, 0]",4.0,1.0,6.0,0.7,4.5,0.7,1.0,0.15729920705028502,4.5,1.0,-0.2182178902359924,0.8272593465627113,0.6546536707079772,0.5126907602619233,0.0,1.0,-1.5275252316519468,0.12663045794761718,0.0,1.0,0.0,1.0
surr,CO1A1900-1050 +-50,CO1A1,900,1050,11,89,25,5,0,0,14,90,23,5,0,0,"[10, 14, 8]","[83, 93, 90]","[28, 21, 25]","[4, 6, 6]","[0, 0, 0]","[0, 0, 0]","[10, 10, 23]","[88, 77, 106]","[24, 22, 23]","[3, 5, 7]","[0, 0, 0]","[0, 0, 0]",3.0,0.6428348264908044,5.0,1.0,6.0,1.0,5.0,1.0,4.5,1.0,-0.6546536707079772,0.5126907602619233,0.2182178902359924,0.8272593465627113,0.6546536707079772,0.5126907602619233,0.2182178902359924,0.8272593465627113,0.0,1.0,0.0,1.0
sig,CO1A11050-1100,CO1A1,1050,1100,0,5,0,3,0,0,0,2,0,4,0,0,"[0, 0, 0]","[9, 2, 4]","[0, 0, 0]","[3, 4, 3]","[0, 0, 0]","[0, 0, 0]","[0, 0, 0]","[3, 0, 2]","[0, 0, 0]","[2, 4, 7]","[0, 0, 0]","[0, 0, 0]",4.5,1.0,7.5,0.26828588367711736,4.5,0.26828588367711736,3.5,0.8221867672380183,4.5,1.0,0.0,1.0,1.3093073414159544,0.19043026382552397,0.0,1.0,-0.4364357804719848,0.6625205835400574,0.0,1.0,0.0,1.0
surr,CO1A11000-1150 +-50,CO1A1,1000,1150,9,45,0,8,0,0,11,51,0,11,0,0,"[9, 10, 7]","[49, 47, 40]","[0, 0, 0]","[8, 7, 8]","[0, 0, 0]","[0, 0, 0]","[9, 7, 16]","[53, 34, 67]","[0, 0, 0]","[8, 7, 19]","[0, 0, 0]","[0, 0, 0]",4.0,1.0,3.0,0.7,4.5,0.7,3.5,0.8136637157667919,4.5,1.0,-0.2182178902359924,0.8272593465627113,-0.6546536707079772,0.5126907602619233,0.0,1.0,-0.4364357804719848,0.6625205835400574,0.0,1.0,0.0,1.0
sig,CO1A21000-1050,CO1A2,1000,1050,0,1,0,0,0,0,0,1,0,1,0,0,"[0, 0, 0]","[0, 2, 1]","[0, 0, 0]","[0, 0, 1]","[0, 0, 0]","[0, 0, 0]","[0, 0, 0]","[1, 1, 1]","[0, 0, 0]","[1, 1, 2]","[0, 0, 0]","[0, 0, 0]",4.5,1.0,4.5,1.0,4.5,1.0,1.0,0.15729920705028502,4.5,1.0,0.0,1.0,0.0,1.0,0.0,1.0,-1.5275252316519468,0.12663045794761718,0.0,1.0,0.0,1.0
surr,CO1A2950-1100 +-50,CO1A2,950,1100,3,20,0,3,0,0,23,59,0,26,0,0,"[5, 3, 0]","[21, 22, 16]","[0, 0, 0]","[3, 4, 2]","[0, 0, 0]","[0, 0, 0]","[22, 20, 26]","[49, 56, 72]","[0, 0, 0]","[20, 27, 31]","[0, 0, 0]","[0, 0, 0]",0.0,0.1,0.0,0.1,4.5,0.1,0.0,0.1,4.5,1.0,-1.9639610121239315,0.049534613435626706,-1.9639610121239315,0.049534613435626706,0.0,1.0,-1.9639610121239315,0.049534613435626706,0.0,1.0,0.0,1.0
sig,CO1A21050-1100,CO1A2,1050,1100,0,2,0,0,0,0,0,4,0,0,0,0,"[0, 0, 0]","[3, 2, 2]","[0, 0, 0]","[0, 0, 0]","[0, 0, 0]","[0, 0, 0]","[0, 0, 0]","[4, 4, 3]","[0, 0, 0]","[0, 0, 0]","[0, 0, 0]","[0, 0, 0]",4.5,1.0,0.5,0.11014892418594699,4.5,0.11014892418594699,4.5,1.0,4.5,1.0,0.0,1.0,-1.7457431218879391,0.08085559837005224,0.0,1.0,0.0,1.0,0.0,1.0,0.0,1.0
surr,CO1A21000-1150 +-50,CO1A2,1000,1150,2,7,0,1,0,0,22,41,0,23,0,0,"[4, 1, 0]","[10, 6, 4]","[0, 0, 0]","[1, 1, 1]","[0, 0, 0]","[0, 0, 0]","[21, 20, 24]","[37, 36, 50]","[0, 0, 0]","[18, 23, 27]","[0, 0, 0]","[0, 0, 0]",0.0,0.1,0.0,0.1,4.5,0.1,0.0,0.06360256962075367,4.5,1.0,-1.9639610121239315,0.049534613435626706,-1.9639610121239315,0.049534613435626706,0.0,1.0,-1.9639610121239315,0.049534613435626706,0.0,1.0,0.0,1.0
sig,CO2A1550-600,CO2A1,550,600,1,5,0,0,0,0,0,2,0,0,0,0,"[2, 2, 0]","[7, 4, 4]","[0, 0, 0]","[0, 0, 0]","[0, 0, 0]","[0, 0, 0]","[0, 0, 1]","[1, 2, 3]","[0, 0, 0]","[0, 0, 0]","[0, 0, 0]","[0, 0, 0]",7.0,0.3457785861511603,9.0,0.07652250047505922,4.5,0.07652250047505922,4.5,1.0,4.5,1.0,1.091089451179962,0.27523352407483426,1.9639610121239315,0.049534613435626706,0.0,1.0,0.0,1.0,0.0,1.0,0.0,1.0
surr,CO2A1500-650 +-50,CO2A1,500,650,7,17,2,2,0,0,2,8,2,1,0,0,"[8, 9, 3]","[21, 17, 13]","[2, 2, 1]","[5, 0, 0]","[0, 0, 0]","[0, 0, 0]","[2, 1, 3]","[8, 9, 8]","[2, 2, 2]","[1, 1, 1]","[0, 0, 0]","[0, 0, 0]",8.5,0.12118327283746319,9.0,0.07652250047505922,3.0,0.07652250047505922,3.0,0.6373518882339371,4.5,1.0,1.7457431218879391,0.08085559837005224,1.9639610121239315,0.049534613435626706,-0.6546536707079772,0.5126907602619233,-0.6546536707079772,0.5126907602619233,0.0,1.0,0.0,1.0
sig,CO2A1800-850,CO2A1,800,850,0,6,0,2,0,0,0,3,0,1,0,0,"[0, 0, 0]","[9, 6, 4]","[0, 0, 0]","[2, 2, 1]","[0, 0, 0]","[0, 0, 0]","[0, 0, 0]","[3, 3, 2]","[0, 0, 0]","[1, 2, 0]","[0, 0, 0]","[0, 0, 0]",4.5,1.0,9.0,0.07652250047505922,4.5,0.07652250047505922,6.5,0.47950012218695337,4.5,1.0,0.0,1.0,1.9639610121239315,0.049534613435626706,0.0,1.0,0.8728715609439696,0.38273308888522595,0.0,1.0,0.0,1.0
surr,CO2A1750-900 +-50,CO2A1,750,900,8,20,0,5,0,0,5,10,0,3,0,0,"[7, 10, 8]","[22, 20, 19]","[0, 0, 0]","[4, 7, 4]","[0, 0, 0]","[0, 0, 0]","[3, 7, 4]","[8, 11, 10]","[0, 0, 0]","[3, 5, 1]","[0, 0, 0]","[0, 0, 0]",8.5,0.12118327283746319,9.0,0.1,4.5,0.1,7.0,0.37582508748869836,4.5,1.0,1.7457431218879391,0.08085559837005224,1.9639610121239315,0.049534613435626706,0.0,1.0,1.091089451179962,0.27523352407483426,0.0,1.0,0.0,1.0
sig,CO2A11150-1200,CO2A1,1150,1200,2,0,1,0,0,0,2,1,2,0,0,0,"[2, 3, 1]","[1, 0, 0]","[2, 1, 1]","[0, 0, 0]","[0, 0, 0]","[0, 0, 0]","[1, 3, 2]","[1, 1, 1]","[1, 3, 2]","[0, 0, 0]","[0, 0, 0]","[0, 0, 0]",4.5,1.0,1.5,0.18763232999488433,2.5,0.18763232999488433,4.5,1.0,4.5,1.0,0.0,1.0,-1.3093073414159544,0.19043026382552397,-0.8728715609439696,0.38273308888522595,0.0,1.0,0.0,1.0,0.0,1.0
surr,CO2A11100-1250 +-50,CO2A1,1100,1250,4,8,5,8,0,0,3,6,6,8,0,0,"[3, 7, 2]","[6, 12, 5]","[4, 8, 4]","[5, 13, 7]","[0, 0, 0]","[0, 0, 0]","[2, 4, 4]","[6, 7, 6]","[4, 7, 6]","[8, 10, 6]","[0, 0, 0]","[0, 0, 0]",4.5,1.0,4.0,1.0,4.0,1.0,4.0,1.0,4.5,1.0,0.0,1.0,-0.2182178902359924,0.8272593465627113,-0.2182178902359924,0.8272593465627113,-0.2182178902359924,0.8272593465627113,0.0,1.0,0.0,1.0
sig,CO2A11200-1250,CO2A1,1200,1250,2,2,3,3,0,0,1,1,2,3,0,0,"[1, 4, 1]","[1, 5, 0]","[2, 6, 2]","[2, 5, 3]","[0, 0, 0]","[0, 0, 0]","[1, 1, 2]","[1, 1, 2]","[3, 1, 3]","[3, 3, 2]","[0, 0, 0]","[0, 0, 0]",5.0,1.0,4.0,1.0,5.0,1.0,5.5,0.8136637157667919,4.5,1.0,0.2182178902359924,0.8272593465627113,-0.2182178902359924,0.8272593465627113,0.2182178902359924,0.8272593465627113,0.4364357804719848,0.6625205835400574,0.0,1.0,0.0,1.0
surr,CO2A11150-1300 +-50,CO2A1,1150,1300,4,3,6,7,0,0,4,2,4,8,0,0,"[3, 8, 2]","[2, 7, 0]","[5, 9, 3]","[5, 12, 5]","[0, 0, 0]","[0, 0, 0]","[2, 5, 4]","[2, 2, 3]","[4, 4, 5]","[9, 9, 6]","[0, 0, 0]","[0, 0, 0]",4.5,1.0,4.0,1.0,5.5,1.0,3.0,0.653095114932182,4.5,1.0,0.0,1.0,-0.2182178902359924,0.8272593465627113,0.4364357804719848,0.6625205835400574,-0.6546536707079772,0.5126907602619233,0.0,1.0,0.0,1.0
sig,CO2A11300-1350,CO2A1,1300,1350,0,0,0,3,0,0,0,0,0,2,0,0,"[0, 0, 0]","[0, 0, 0]","[0, 0, 0]","[2, 6, 1]","[0, 0, 0]","[0, 0, 0]","[0, 0, 0]","[0, 0, 0]","[0, 0, 0]","[0, 4, 3]","[0, 0, 0]","[0, 0, 0]",4.5,1.0,4.5,1.0,4.5,1.0,5.0,1.0,4.5,1.0,0.0,1.0,0.0,1.0,0.0,1.0,0.2182178902359924,0.8272593465627113,0.0,1.0,0.0,1.0
surr,CO2A11250-1400 +-50,CO2A1,1250,1400,0,0,10,7,0,0,0,0,6,10,0,0,"[0, 1, 0]","[0, 0, 0]","[9, 13, 8]","[6, 10, 4]","[0, 0, 0]","[0, 0, 0]","[0, 1, 0]","[0, 0, 0]","[5, 6, 7]","[6, 12, 11]","[0, 0, 0]","[0, 0, 0]",4.5,1.0,4.5,1.0,9.0,1.0,1.5,0.26828588367711736,4.5,1.0,0.0,1.0,0.0,1.0,1.9639610121239315,0.049534613435626706,-1.3093073414159544,0.19043026382552397,0.0,1.0,0.0,1.0
sig,CO2A11350-1400,CO2A1,1350,1400,0,0,0,0,0,0,0,0,0,1,0,0,"[0, 0, 0]","[0, 0, 0]","[0, 0, 0]","[0, 0, 0]","[0, 0, 0]","[0, 0, 0]","[0, 0, 0]","[0, 0, 0]","[0, 0, 0]","[0, 1, 1]","[0, 0, 0]","[0, 0, 0]",4.5,1.0,4.5,1.0,4.5,1.0,1.5,0.18763232999488433,4.5,1.0,0.0,1.0,0.0,1.0,0.0,1.0,-1.3093073414159544,0.19043026382552397,0.0,1.0,0.0,1.0
surr,CO2A11300-1450 +-50,CO2A1,1300,1450,0,0,10,7,0,0,0,0,6,9,0,0,"[0, 0, 0]","[0, 0, 0]","[9, 13, 8]","[6, 10, 4]","[0, 0, 0]","[0, 0, 0]","[0, 0, 0]","[0, 0, 1]","[5, 6, 8]","[5, 11, 10]","[0, 0, 0]","[0, 0, 0]",4.5,1.0,3.0,0.5049850750938458,8.5,0.5049850750938458,2.5,0.5065551690490403,4.5,1.0,0.0,1.0,-0.6546536707079772,0.5126907602619233,1.7457431218879391,0.08085559837005224,-0.8728715609439696,0.38273308888522595,0.0,1.0,0.0,1.0
sig,OSTP0-50,OSTP,0,50,1,1,1,7,0,0,1,1,0,1,0,0,"[1, 2, 1]","[1, 2, 0]","[0, 3, 0]","[2, 13, 5]","[0, 0, 0]","[0, 0, 0]","[0, 1, 1]","[0, 2, 2]","[0, 0, 0]","[0, 1, 1]","[0, 0, 0]","[0, 0, 0]",7.0,0.3016995824783478,3.5,0.8136637157667919,6.0,0.8136637157667919,9.0,0.07652250047505922,4.5,1.0,1.091089451179962,0.27523352407483426,-0.4364357804719848,0.6625205835400574,0.6546536707079772,0.5126907602619233,1.9639610121239315,0.049534613435626706,0.0,1.0,0.0,1.0
surr,OSTP-50-100 +-50,OSTP,-50,100,1,1,0,1,0,0,1,1,0,0,0,0,"[1, 2, 1]","[1, 2, 0]","[0, 0, 0]","[1, 1, 2]","[0, 0, 0]","[0, 0, 0]","[0, 1, 1]","[0, 1, 1]","[0, 0, 0]","[0, 0, 0]","[0, 0, 0]","[0, 0, 0]",7.0,0.3016995824783478,5.5,0.8136637157667919,4.5,0.8136637157667919,9.0,0.05934643879191985,4.5,1.0,1.091089451179962,0.27523352407483426,0.4364357804719848,0.6625205835400574,0.0,1.0,1.9639610121239315,0.049534613435626706,0.0,1.0,0.0,1.0
sig,OSTP150-200,OSTP,150,200,0,0,1,2,0,0,0,1,0,0,0,0,"[0, 0, 0]","[0, 0, 0]","[0, 3, 0]","[0, 6, 0]","[0, 0, 0]","[0, 0, 0]","[0, 0, 0]","[0, 1, 1]","[0, 0, 0]","[0, 1, 0]","[0, 0, 0]","[0, 0, 0]",4.5,1.0,1.5,0.18763232999488433,6.0,0.18763232999488433,5.0,1.0,4.5,1.0,0.0,1.0,-1.3093073414159544,0.19043026382552397,0.6546536707079772,0.5126907602619233,0.2182178902359924,0.8272593465627113,0.0,1.0,0.0,1.0
surr,OSTP100-250 +-50,OSTP,100,250,0,0,1,4,0,0,0,1,0,1,0,0,"[0, 0, 0]","[0, 0, 0]","[0, 3, 0]","[0, 10, 2]","[0, 0, 0]","[0, 0, 0]","[0, 0, 0]","[0, 1, 1]","[0, 0, 0]","[0, 1, 1]","[0, 0, 0]","[0, 0, 0]",4.5,1.0,1.5,0.18763232999488433,6.0,0.18763232999488433,6.5,0.5001842570707944,4.5,1.0,0.0,1.0,-1.3093073414159544,0.19043026382552397,0.6546536707079772,0.5126907602619233,0.8728715609439696,0.38273308888522595,0.0,1.0,0.0,1.0
sig,THRB350-400,THRB,350,400,0,0,1,0,0,0,0,0,0,0,0,0,"[0, 0, 0]","[0, 0, 0]","[1, 1, 1]","[0, 0, 0]","[0, 0, 0]","[0, 0, 0]","[0, 0, 0]","[0, 0, 0]","[0, 1, 0]","[0, 0, 0]","[0, 0, 0]","[0, 0, 0]",4.5,1.0,4.5,1.0,7.5,1.0,4.5,1.0,4.5,1.0,0.0,1.0,0.0,1.0,1.3093073414159544,0.19043026382552397,0.0,1.0,0.0,1.0,0.0,1.0
surr,THRB300-450 +-50,THRB,300,450,0,0,1,0,0,0,0,0,0,0,0,0,"[0, 0, 0]","[0, 0, 0]","[1, 1, 1]","[0, 0, 0]","[0, 0, 0]","[0, 0, 0]","[0, 0, 0]","[0, 0, 0]","[0, 1, 0]","[0, 0, 0]","[0, 0, 0]","[0, 0, 0]",4.5,1.0,4.5,1.0,7.5,1.0,4.5,1.0,4.5,1.0,0.0,1.0,0.0,1.0,1.3093073414159544,0.19043026382552397,0.0,1.0,0.0,1.0,0.0,1.0
sig,APOE200-250,APOE,200,250,0,0,0,1,0,0,0,0,2,1,0,0,"[0, 0, 0]","[0, 0, 0]","[0, 0, 0]","[0, 3, 0]","[0, 0, 0]","[0, 0, 0]","[0, 0, 0]","[0, 0, 0]","[0, 1, 4]","[1, 2, 0]","[0, 0, 0]","[0, 0, 0]",4.5,1.0,4.5,1.0,1.5,1.0,4.0,1.0,4.5,1.0,0.0,1.0,0.0,1.0,-1.3093073414159544,0.19043026382552397,-0.2182178902359924,0.8272593465627113,0.0,1.0,0.0,1.0
surr,APOE150-300 +-50,APOE,150,300,1,1,4,3,0,0,2,2,10,4,0,0,"[1, 2, 0]","[1, 1, 0]","[3, 6, 3]","[0, 6, 2]","[0, 0, 0]","[0, 0, 0]","[2, 2, 2]","[2, 2, 2]","[5, 12, 14]","[3, 7, 2]","[0, 0, 0]","[0, 0, 0]",1.5,0.19670560245894686,0.0,0.05934643879191985,1.0,0.05934643879191985,2.5,0.5065551690490403,4.5,1.0,-1.3093073414159544,0.19043026382552397,-1.9639610121239315,0.049534613435626706,-1.5275252316519468,0.12663045794761718,-0.8728715609439696,0.38273308888522595,0.0,1.0,0.0,1.0
sig,APOE250-300,APOE,250,300,1,1,4,1,0,0,2,2,8,2,0,0,"[1, 2, 0]","[1, 1, 0]","[3, 6, 3]","[0, 2, 1]","[0, 0, 0]","[0, 0, 0]","[2, 2, 2]","[2, 2, 2]","[5, 10, 10]","[2, 3, 1]","[0, 0, 0]","[0, 0, 0]",1.5,0.19670560245894686,0.0,0.05934643879191985,1.0,0.05934643879191985,2.0,0.36868826936178156,4.5,1.0,-1.3093073414159544,0.19043026382552397,-1.9639610121239315,0.049534613435626706,-1.5275252316519468,0.12663045794761718,-1.091089451179962,0.27523352407483426,0.0,1.0,0.0,1.0
surr,APOE200-350 +-50,APOE,200,350,1,1,4,2,0,0,2,2,10,3,0,0,"[1, 2, 0]","[1, 1, 0]","[3, 6, 3]","[1, 5, 1]","[0, 0, 0]","[0, 0, 0]","[2, 2, 2]","[2, 2, 2]","[5, 11, 14]","[3, 5, 1]","[0, 0, 0]","[0, 0, 0]",1.5,0.19670560245894686,0.0,0.05934643879191985,1.0,0.05934643879191985,3.5,0.8136637157667919,4.5,1.0,-1.3093073414159544,0.19043026382552397,-1.9639610121239315,0.049534613435626706,-1.5275252316519468,0.12663045794761718,-0.4364357804719848,0.6625205835400574,0.0,1.0,0.0,1.0
sig,APOA1200-250,APOA1,200,250,0,0,1,0,0,0,1,1,1,0,0,0,"[1, 0, 0]","[1, 0, 0]","[1, 1, 0]","[0, 0, 0]","[0, 0, 0]","[0, 0, 0]","[1, 1, 0]","[1, 1, 0]","[2, 2, 0]","[0, 0, 0]","[0, 0, 0]","[0, 0, 0]",3.0,0.6192567541768621,3.0,0.6192567541768621,2.5,0.6192567541768621,4.5,1.0,4.5,1.0,-0.6546536707079772,0.5126907602619233,-0.6546536707079772,0.5126907602619233,-0.8728715609439696,0.38273308888522595,0.0,1.0,0.0,1.0,0.0,1.0
surr,APOA1150-300 +-50,APOA1,150,300,0,0,6,0,0,0,1,1,6,1,0,0,"[1, 0, 0]","[1, 0, 0]","[5, 7, 5]","[0, 0, 0]","[0, 0, 0]","[0, 0, 0]","[1, 1, 0]","[1, 1, 0]","[7, 8, 3]","[0, 2, 0]","[0, 0, 0]","[0, 0, 0]",3.0,0.6192567541768621,3.0,0.6192567541768621,3.5,0.6192567541768621,3.0,0.5049850750938458,4.5,1.0,-0.6546536707079772,0.5126907602619233,-0.6546536707079772,0.5126907602619233,-0.4364357804719848,0.6625205835400574,-0.6546536707079772,0.5126907602619233,0.0,1.0,0.0,1.0
sig,APOA250-100,APOA2,50,100,0,0,0,0,0,0,0,0,2,0,0,0,"[0, 0, 0]","[0, 0, 0]","[1, 0, 0]","[0, 0, 0]","[0, 0, 0]","[0, 0, 0]","[0, 0, 0]","[0, 1, 0]","[2, 3, 2]","[0, 1, 0]","[0, 0, 0]","[0, 0, 0]",4.5,1.0,3.0,0.5049850750938458,0.0,0.5049850750938458,3.0,0.5049850750938458,4.5,1.0,0.0,1.0,-0.6546536707079772,0.5126907602619233,-1.9639610121239315,0.049534613435626706,-0.6546536707079772,0.5126907602619233,0.0,1.0,0.0,1.0
surr,APOA20-150 +-50,APOA2,0,150,1,1,1,0,0,0,1,1,3,0,0,0,"[2, 0, 0]","[2, 0, 0]","[3, 0, 0]","[0, 0, 0]","[0, 0, 0]","[0, 0, 0]","[1, 1, 0]","[1, 2, 0]","[3, 4, 2]","[0, 1, 0]","[0, 0, 0]","[0, 0, 0]",4.0,1.0,3.5,0.8136637157667919,1.5,0.8136637157667919,3.0,0.5049850750938458,4.5,1.0,-0.2182178902359924,0.8272593465627113,-0.4364357804719848,0.6625205835400574,-1.3093073414159544,0.19043026382552397,-0.6546536707079772,0.5126907602619233,0.0,1.0,0.0,1.0
sig,COMP600-650,COMP,600,650,1,0,1,1,0,0,0,0,0,0,0,0,"[1, 1, 0]","[0, 0, 0]","[1, 1, 0]","[1, 1, 0]","[0, 0, 0]","[0, 0, 0]","[0, 0, 0]","[0, 0, 0]","[0, 0, 0]","[0, 0, 0]","[0, 0, 0]","[0, 0, 0]",7.5,0.18763232999488433,4.5,1.0,7.5,1.0,7.5,0.18763232999488433,4.5,1.0,1.3093073414159544,0.19043026382552397,0.0,1.0,1.3093073414159544,0.19043026382552397,1.3093073414159544,0.19043026382552397,0.0,1.0,0.0,1.0
surr,COMP550-700 +-50,COMP,550,700,1,0,1,1,0,0,0,0,0,0,0,0,"[1, 1, 0]","[0, 1, 0]","[1, 1, 0]","[1, 2, 0]","[0, 0, 0]","[0, 0, 0]","[0, 0, 0]","[0, 0, 0]","[0, 0, 0]","[0, 0, 0]","[0, 0, 0]","[0, 0, 0]",7.5,0.18763232999488433,6.0,0.5049850750938458,7.5,0.5049850750938458,7.5,0.19670560245894686,4.5,1.0,1.3093073414159544,0.19043026382552397,0.6546536707079772,0.5126907602619233,1.3093073414159544,0.19043026382552397,1.3093073414159544,0.19043026382552397,0.0,1.0,0.0,1.0
sig,LUM100-150,LUM,100,150,0,0,0,0,0,0,0,0,0,1,0,0,"[0, 0, 0]","[0, 0, 0]","[0, 0, 0]","[0, 1, 0]","[0, 0, 0]","[0, 0, 0]","[0, 0, 0]","[0, 0, 0]","[0, 0, 0]","[1, 1, 1]","[0, 0, 0]","[0, 0, 0]",4.5,1.0,4.5,1.0,4.5,1.0,1.5,0.18763232999488433,4.5,1.0,0.0,1.0,0.0,1.0,0.0,1.0,-1.3093073414159544,0.19043026382552397,0.0,1.0,0.0,1.0
surr,LUM50-200 +-50,LUM,50,200,0,0,1,0,0,0,1,0,1,3,0,0,"[0, 1, 0]","[0, 0, 0]","[0, 3, 1]","[0, 1, 0]","[0, 0, 0]","[0, 0, 0]","[2, 0, 0]","[1, 0, 0]","[0, 2, 1]","[2, 4, 4]","[0, 0, 0]","[0, 0, 0]",4.0,1.0,3.0,0.5049850750938458,5.0,0.5049850750938458,0.0,0.07219819770165753,4.5,1.0,-0.2182178902359924,0.8272593465627113,-0.6546536707079772,0.5126907602619233,0.2182178902359924,0.8272593465627113,-1.9639610121239315,0.049534613435626706,0.0,1.0,0.0,1.0
sig,PGCA600-650,PGCA,600,650,0,0,0,0,0,0,0,0,0,0,0,0,"[0, 0, 0]","[0, 0, 0]","[0, 0, 0]","[0, 1, 0]","[0, 0, 0]","[0, 0, 0]","[0, 0, 0]","[0, 0, 0]","[0, 0, 0]","[0, 0, 0]","[0, 0, 0]","[0, 0, 0]",4.5,1.0,4.5,1.0,4.5,1.0,6.0,0.5049850750938458,4.5,1.0,0.0,1.0,0.0,1.0,0.0,1.0,0.6546536707079772,0.5126907602619233,0.0,1.0,0.0,1.0
surr,PGCA550-700 +-50,PGCA,550,700,0,0,0,0,0,0,0,0,0,0,0,0,"[0, 0, 0]","[0, 0, 0]","[0, 0, 0]","[0, 1, 0]","[0, 0, 0]","[0, 0, 0]","[0, 0, 0]","[0, 0, 0]","[0, 0, 0]","[0, 0, 0]","[0, 0, 0]","[0, 0, 0]",4.5,1.0,4.5,1.0,4.5,1.0,6.0,0.5049850750938458,4.5,1.0,0.0,1.0,0.0,1.0,0.0,1.0,0.6546536707079772,0.5126907602619233,0.0,1.0,0.0,1.0
sig,MMP1350-100,MMP13,50,100,0,0,1,0,0,0,0,0,2,0,0,0,"[0, 0, 0]","[0, 0, 0]","[1, 2, 1]","[0, 0, 0]","[0, 0, 0]","[0, 0, 0]","[0, 0, 0]","[0, 0, 0]","[2, 2, 2]","[0, 0, 0]","[0, 0, 0]","[0, 0, 0]",4.5,1.0,4.5,1.0,1.5,1.0,4.5,1.0,4.5,1.0,0.0,1.0,0.0,1.0,-1.3093073414159544,0.19043026382552397,0.0,1.0,0.0,1.0,0.0,1.0
surr,MMP130-150 +-50,MMP13,0,150,0,0,4,1,0,0,0,1,6,0,0,0,"[0, 0, 0]","[1, 0, 0]","[4, 5, 3]","[2, 1, 1]","[0, 0, 0]","[0, 0, 0]","[0, 0, 1]","[0, 1, 1]","[7, 5, 6]","[0, 0, 1]","[0, 0, 0]","[0, 0, 0]",3.0,0.5049850750938458,3.0,0.6192567541768621,0.5,0.6192567541768621,8.0,0.15729920705028502,4.5,1.0,-0.6546536707079772,0.5126907602619233,-0.6546536707079772,0.5126907602619233,-1.7457431218879391,0.08085559837005224,1.5275252316519468,0.12663045794761718,0.0,1.0,0.0,1.0
